IDSCHOOL,IDTEACH,IT05F_indiv,IT06A_teach_qual,IT06D_indep,IT25_yrs_exp
1001,100101,2,3,3,4
1001,100102,4,3,3,6
1001,100103,2,2,3,4
1001,100104,3,3,3,4
1001,100105,5,4,4,4
1001,100106,4,3,4,5
1001,100107,3,3,3,2
1001,100108,2,3,2,6
1001,100109,2,4,3,6
1001,100110,4,3,3,5
1001,100111,4,3,3,2
1001,100112,4,3,3,4
1001,100113,5,4,4,5
1001,100114,4,3,4,5
1001,100115,4,3,3,4
1001,100116,4,4,3,5
1001,100117,4,4,3,5
1001,100118,4,2,2,3
1001,100119,5,4,4,4
1001,100120,2,4,4,5
1002,100201,4,3,3,6
1002,100202,4,4,3,4
1002,100203,4,3,3,5
1002,100204,,,,
1002,100205,4,3,4,5
1002,100206,2,2,3,4
1002,100207,4,4,4,5
1002,100208,4,4,3,5
1002,100209,2,4,4,5
1002,100210,4,2,4,5
1002,100211,5,4,3,6
1002,100212,4,2,4,5
1002,100213,3,3,3,4
1002,100214,3,3,3,3
1002,100215,2,3,3,4
1002,100216,4,2,2,3
1002,100217,5,3,3,5
1002,100218,3,3,3,
1002,100219,5,2,2,6
1002,100220,2,3,3,3
1003,100301,2,3,2,6
1003,100303,3,3,3,5
1003,100305,4,3,3,6
1003,100306,3,3,3,6
1003,100312,5,3,3,3
1003,100313,,,,
1003,100315,5,4,4,4
1003,100317,4,4,3,6
1003,100320,5,4,3,5
1004,100401,5,4,4,6
1004,100402,5,4,4,6
1004,100403,5,3,4,6
1004,100404,3,4,4,6
1004,100405,2,3,3,3
1004,100406,5,3,3,5
1004,100407,4,4,3,5
1004,100408,4,3,3,3
1004,100409,,,,5
1004,100410,5,3,4,4
1004,100411,3,3,3,4
1004,100412,2,2,3,6
1004,100413,2,4,4,3
1004,100414,5,4,4,3
1004,100415,4,2,3,6
1004,100416,4,3,2,5
1005,100501,4,3,3,5
1005,100502,4,3,3,5
1005,100503,3,3,3,6
1005,100504,5,3,3,5
1005,100505,2,3,3,5
1005,100507,3,3,3,6
1005,100509,3,4,2,5
1005,100510,2,4,3,5
1005,100511,4,3,3,5
1005,100512,5,2,3,5
1005,100513,4,2,2,4
1005,100514,3,4,4,4
1005,100515,4,4,3,5
1005,100517,4,3,3,
1005,100518,3,2,3,4
1005,100519,2,3,2,4
1005,100520,5,3,3,4
1006,100604,5,3,4,6
1006,100605,4,2,3,4
1006,100607,5,4,3,6
1006,100608,4,3,4,4
1006,100609,4,3,3,3
1006,100610,4,2,3,5
1006,100612,4,4,3,5
1007,100701,3,3,3,4
1007,100702,5,4,4,6
1007,100703,5,4,4,6
1007,100704,4,4,3,5
1007,100705,4,3,3,6
1007,100706,4,3,3,5
1007,100707,4,3,3,4
1007,100708,2,3,4,6
1007,100709,5,3,3,6
1007,100710,4,3,3,5
1007,100711,2,3,3,6
1007,100712,4,4,3,2
1007,100713,2,3,3,4
1007,100714,4,2,3,5
1007,100715,5,4,4,4
1007,100716,2,3,4,4
1007,100717,4,4,2,5
1008,100801,5,3,3,5
1008,100803,4,4,3,5
1008,100804,2,4,3,5
1008,100805,5,4,3,6
1008,100807,5,3,4,6
1008,100808,4,4,4,4
1008,100809,5,3,4,5
1008,100810,4,4,3,4
1008,100811,4,3,3,6
1008,100812,4,4,3,2
1008,100813,4,3,3,3
1008,100814,,4,,4
1009,100901,4,3,3,5
1009,100902,3,3,4,5
1009,100903,5,3,3,5
1009,100904,4,4,3,2
1009,100905,4,3,4,5
1009,100906,3,4,3,6
1009,100907,3,3,3,5
1009,100908,2,3,2,5
1009,100909,4,3,3,4
1009,100911,3,3,2,5
1009,100912,4,3,3,5
1009,100913,3,4,3,5
1009,100914,,,4,5
1009,100915,4,3,3,2
1010,101001,,,,4
1010,101002,4,,,4
1010,101003,5,3,4,5
1010,101004,4,4,3,4
1010,101005,5,3,3,5
1010,101006,4,3,3,5
1010,101007,4,4,4,4
1010,101008,3,3,3,5
1010,101009,3,3,3,5
1010,101010,5,3,3,3
1010,101011,4,2,2,3
1010,101012,4,4,3,6
1010,101013,2,2,4,5
1010,101014,4,3,3,5
1010,101015,4,3,3,5
1010,101016,3,4,4,3
1011,101101,5,3,3,4
1011,101102,5,3,3,5
1011,101103,5,4,4,5
1011,101104,,3,,4
1011,101105,1,2,3,5
1011,101106,2,4,4,6
1011,101107,4,3,3,6
1011,101108,3,3,3,3
1011,101109,5,3,3,2
1011,101110,5,3,3,4
1011,101111,4,2,3,5
1011,101112,4,2,3,4
1011,101113,4,4,4,5
1011,101114,5,4,4,3
1012,101201,2,3,3,6
1012,101202,4,4,3,6
1012,101204,5,3,2,5
1012,101205,3,4,4,6
1012,101206,4,3,3,6
1012,101208,5,4,4,5
1012,101209,5,3,3,4
1012,101210,4,3,3,5
1012,101211,5,4,4,5
1012,101212,4,3,3,5
1012,101213,4,3,3,4
1013,101301,4,4,3,2
1013,101302,,,,5
1013,101303,4,3,2,3
1013,101305,3,3,3,5
1013,101306,,4,4,6
1013,101307,2,3,3,2
1013,101308,3,4,3,5
1013,101309,3,3,4,5
1013,101311,4,2,3,5
1013,101312,4,3,3,5
1013,101313,4,4,4,4
1013,101314,3,3,4,5
1015,101501,4,3,3,5
1015,101502,5,3,3,5
1015,101503,4,3,3,5
1015,101504,2,3,3,6
1015,101505,4,4,4,6
1015,101506,4,3,4,6
1015,101507,2,3,4,2
1015,101508,4,3,4,5
1015,101509,2,4,3,6
1015,101510,4,3,4,6
1015,101511,4,3,3,6
1015,101513,2,4,4,5
1015,101514,5,3,3,5
1015,101515,5,4,4,6
1016,101601,5,3,4,5
1016,101602,2,3,3,5
1016,101603,4,2,3,5
1016,101604,5,3,3,6
1016,101605,,,,
1016,101606,4,4,3,5
1016,101607,5,3,2,5
1016,101608,4,4,4,4
1016,101609,,,,6
1016,101610,4,3,3,4
1016,101611,4,2,4,5
1016,101612,4,2,4,5
1016,101613,4,3,3,4
1016,101614,3,3,3,4
1017,101701,4,4,4,5
1017,101702,4,4,4,5
1017,101703,3,4,4,5
1017,101704,4,4,4,6
1017,101705,4,3,3,6
1017,101706,4,3,3,5
1017,101707,,,,6
1017,101709,3,4,4,5
1017,101710,1,3,3,5
1017,101711,5,4,3,5
1017,101712,4,4,3,6
1017,101713,3,3,3,6
1017,101714,4,4,3,5
1018,101801,4,3,3,5
1018,101802,4,4,3,4
1018,101803,3,3,3,6
1018,101804,2,3,2,5
1018,101805,3,3,3,3
1018,101806,2,3,3,2
1018,101807,4,3,4,5
1018,101808,4,4,4,3
1018,101809,5,3,3,3
1018,101810,4,2,3,5
1019,101901,1,4,4,5
1019,101902,5,4,3,6
1019,101903,5,4,4,5
1019,101904,5,3,3,6
1019,101905,2,3,3,5
1019,101906,4,4,4,6
1019,101907,4,3,3,6
1019,101908,4,3,4,4
1019,101909,2,3,4,5
1019,101910,3,4,4,2
1019,101911,4,4,3,5
1019,101912,3,3,4,4
1019,101913,3,1,3,3
1020,102001,5,2,3,6
1020,102002,5,3,4,4
1020,102003,4,3,3,3
1020,102004,4,2,3,5
1020,102005,4,2,3,6
1020,102006,4,2,3,5
1020,102007,1,3,3,6
1020,102008,5,4,4,5
1020,102009,3,4,3,6
1020,102010,4,4,4,5
1020,102011,4,3,3,5
1021,102101,4,2,3,5
1021,102102,4,3,3,4
1021,102103,5,1,4,2
1021,102104,5,2,3,3
1021,102105,3,3,3,3
1021,102106,5,4,3,4
1021,102107,3,4,4,5
1021,102108,4,4,4,3
1021,102109,4,3,3,4
1021,102110,4,4,4,5
1021,102111,,,,5
1021,102112,3,3,3,5
1021,102113,2,3,3,6
1022,102201,4,3,3,5
1022,102202,3,1,3,5
1022,102203,5,3,4,6
1022,102204,5,4,4,6
1022,102205,3,4,4,5
1022,102206,3,4,4,6
1022,102207,5,2,2,5
1022,102208,3,1,3,5
1022,102209,3,4,4,2
1022,102210,4,3,3,5
1022,102212,,,,5
1022,102214,4,3,3,6
1023,102301,4,4,4,5
1023,102302,4,2,2,5
1023,102303,5,3,4,5
1023,102304,4,3,3,6
1023,102305,2,4,4,6
1023,102306,2,3,3,4
1023,102307,4,2,3,5
1023,102308,,,,6
1023,102309,5,4,4,6
1023,102310,5,3,4,5
1023,102311,3,4,4,6
1023,102312,5,3,4,5
1024,102401,4,3,3,5
1024,102402,3,3,3,6
1024,102403,5,4,4,5
1024,102404,4,4,3,5
1024,102405,3,3,3,6
1024,102406,4,3,3,5
1024,102407,3,4,3,6
1024,102408,4,4,4,3
1024,102409,5,4,4,5
1024,102410,5,4,4,5
1024,102411,2,2,3,4
1024,102412,5,4,3,5
1024,102413,5,4,3,5
1024,102414,4,4,3,6
1024,102415,3,3,3,2
1024,102416,3,4,3,6
1025,102501,3,3,3,5
1025,102502,3,3,3,5
1025,102503,5,4,4,6
1025,102504,5,3,1,6
1025,102505,4,4,3,6
1025,102506,5,4,4,6
1025,102507,5,4,4,6
1025,102508,4,3,4,4
1025,102509,5,4,4,5
1025,102510,5,3,4,5
1026,102601,3,3,3,5
1026,102602,3,3,3,5
1026,102603,5,3,2,6
1026,102604,3,3,3,5
1026,102605,5,3,4,6
1026,102606,3,3,4,5
1026,102607,4,4,4,5
1026,102608,5,4,3,5
1026,102609,4,4,2,5
1026,102610,4,3,2,3
1027,102701,4,3,3,6
1027,102702,4,2,3,4
1027,102703,4,2,3,5
1027,102704,5,3,3,6
1027,102705,4,3,3,5
1027,102706,4,3,3,5
1027,102707,5,4,4,5
1027,102708,5,3,3,5
1027,102709,4,2,4,5
1027,102710,3,4,3,4
1027,102711,4,3,3,4
1027,102712,5,4,4,4
1028,102801,4,4,3,5
1028,102802,4,4,3,
1028,102803,3,4,3,5
1028,102804,4,3,3,5
1028,102805,2,2,2,5
1028,102806,4,4,4,6
1028,102807,4,4,4,5
1028,102808,4,4,4,5
1029,102901,4,3,3,3
1029,102902,1,2,3,6
1029,102903,3,2,3,5
1029,102904,4,2,3,5
1029,102905,5,3,3,6
1029,102906,4,3,3,5
1029,102907,4,3,3,6
1029,102908,3,4,3,4
1029,102910,4,3,3,4
1029,102911,4,3,3,4
1030,103001,4,2,3,5
1030,103002,5,3,3,4
1030,103003,4,2,4,5
1030,103004,3,3,3,6
1030,103005,2,1,3,5
1030,103006,5,4,4,5
1030,103007,4,1,2,6
1031,103101,3,4,3,6
1031,103102,4,3,3,2
1031,103103,1,2,2,5
1031,103104,4,3,3,5
1031,103105,3,3,3,3
1031,103106,4,2,2,5
1031,103107,,3,3,5
1031,103108,4,3,3,4
1031,103109,5,4,3,5
1031,103110,5,4,3,5
1031,103111,4,3,4,4
1031,103112,1,2,3,5
1031,103113,4,3,3,3
1031,103114,3,4,4,5
1031,103115,4,4,4,6
1031,103116,4,3,3,5
1031,103117,4,3,3,4
1031,103118,3,3,3,3
1031,103119,5,2,3,4
1031,103120,4,4,2,5
1032,103201,4,3,2,6
1032,103202,5,3,3,4
1032,103203,4,3,3,5
1032,103204,4,3,3,5
1032,103205,4,3,4,5
1032,103206,4,3,4,5
1032,103207,4,4,3,5
1032,103208,5,4,4,4
1032,103209,4,3,3,4
1032,103210,5,4,4,6
1032,103211,5,4,4,6
1032,103212,5,4,3,6
1032,103213,5,4,4,4
1032,103214,3,3,2,4
1032,103215,5,3,4,4
1032,103216,5,2,2,3
1032,103217,4,3,4,5
1033,103301,3,3,3,5
1033,103302,3,4,3,4
1033,103303,4,4,4,6
1033,103304,5,4,3,3
1033,103305,4,3,3,4
1033,103306,4,4,4,3
1033,103307,4,2,3,4
1033,103308,3,3,3,5
1033,103310,4,3,3,4
1033,103311,3,3,3,3
1033,103312,5,4,3,6
1033,103313,4,4,3,4
1033,103314,5,2,3,5
1033,103315,2,2,3,6
1033,103316,3,3,3,5
1033,103317,4,3,3,5
1033,103318,3,3,2,4
1033,103319,5,4,3,5
1033,103320,3,4,4,
1034,103401,4,4,4,3
1034,103402,4,4,4,5
1034,103403,4,4,3,4
1034,103404,4,3,4,5
1034,103405,3,3,4,6
1034,103406,5,4,4,5
1034,103407,4,3,3,6
1034,103408,5,3,4,4
1034,103409,4,3,4,5
1034,103410,,,,6
1034,103411,5,4,4,6
1034,103412,5,2,3,5
1035,103501,5,4,3,6
1035,103502,4,3,3,4
1035,103503,4,3,3,6
1035,103504,3,4,3,4
1035,103505,4,3,3,5
1035,103506,,4,3,5
1035,103507,2,3,3,4
1035,103508,2,3,4,5
1035,103509,2,2,2,2
1035,103510,4,4,3,6
1035,103511,3,4,4,6
1035,103512,5,4,4,5
1035,103513,4,4,4,3
1035,103514,4,4,3,6
1035,103515,4,4,4,4
1035,103516,4,4,4,6
1035,103517,4,3,3,5
1035,103518,4,3,3,3
1035,103519,3,3,3,3
1036,103601,2,2,3,4
1036,103602,3,2,3,5
1036,103603,4,4,3,4
1036,103604,4,3,3,5
1036,103605,,,,5
1036,103606,4,3,4,4
1036,103607,4,3,4,6
1036,103608,4,3,3,3
1036,103609,4,3,4,6
1036,103610,5,3,3,6
1036,103611,4,3,3,3
1036,103612,3,4,3,5
1036,103613,5,2,3,3
1036,103614,4,2,3,3
1036,103615,4,3,3,4
1036,103616,5,4,3,4
1037,103701,5,4,4,6
1037,103705,4,3,4,4
1037,103706,4,3,3,4
1037,103707,4,3,4,3
1037,103708,5,3,4,6
1037,103709,5,1,4,3
1038,103801,5,3,3,4
1038,103802,4,3,3,3
1038,103803,4,3,3,5
1038,103804,3,2,3,5
1038,103805,3,3,3,4
1038,103806,5,2,3,2
1038,103807,4,3,4,3
1038,103808,4,2,2,5
1039,103901,5,3,3,5
1039,103902,1,4,4,6
1039,103903,4,4,4,6
1039,103904,4,4,3,5
1039,103905,3,3,3,5
1039,103906,4,4,4,4
1039,103907,3,3,3,5
1039,103908,,4,3,4
1039,103909,3,4,4,2
1039,103910,4,2,3,5
1039,103911,3,3,3,4
1039,103912,4,4,4,5
1039,103913,4,3,3,3
1039,103914,4,3,3,5
1039,103915,3,3,3,2
1039,103916,5,4,2,3
1040,104001,5,4,3,4
1040,104002,3,3,3,5
1040,104003,4,4,3,4
1040,104004,4,3,3,3
1040,104005,4,3,4,3
1040,104007,4,2,3,5
1041,104101,3,4,4,5
1041,104102,3,3,3,4
1041,104103,4,4,4,5
1041,104104,5,3,3,4
1041,104105,4,4,4,3
1041,104106,3,3,4,4
1041,104107,5,3,4,2
1041,104108,4,3,3,6
1041,104109,2,2,3,3
1041,104110,4,2,3,6
1041,104111,3,3,3,5
1041,104112,2,2,3,4
1041,104113,2,4,4,5
1041,104114,3,3,4,4
1041,104115,4,3,3,6
1041,104116,3,3,3,5
1041,104117,4,3,3,5
1041,104118,2,1,3,5
1041,104119,3,3,3,6
1041,104120,1,3,3,5
1042,104201,2,3,3,5
1042,104202,5,4,4,3
1042,104203,3,3,3,6
1042,104204,2,3,3,4
1042,104205,5,3,4,6
1042,104206,5,3,4,4
1042,104207,5,4,4,5
1042,104208,,4,,5
1042,104209,4,3,4,4
1042,104210,5,3,3,6
1042,104211,4,3,3,4
1042,104212,4,3,4,4
1042,104213,3,4,3,5
1042,104214,1,3,3,6
1042,104215,4,2,3,4
1042,104216,5,3,4,5
1042,104217,4,3,4,6
1042,104219,2,2,2,6
1042,104220,2,4,4,5
1043,104301,3,4,4,2
1043,104302,3,4,4,6
1043,104303,3,4,4,4
1043,104304,4,4,3,5
1043,104305,5,4,3,5
1043,104306,4,4,4,4
1043,104307,2,3,2,5
1043,104308,4,4,4,5
1043,104309,4,3,3,5
1043,104310,4,3,4,3
1043,104311,4,4,4,4
1043,104312,4,3,3,5
1043,104313,3,4,3,5
1043,104314,4,2,3,5
1043,104315,4,2,3,5
1043,104316,3,4,4,6
1043,104317,4,2,3,5
1043,104318,4,3,3,6
1043,104319,4,2,4,3
1043,104320,3,3,4,5
1044,104402,3,4,3,4
1044,104403,3,3,3,4
1044,104404,5,4,4,6
1044,104405,4,3,3,3
1044,104406,4,,,4
1044,104407,4,3,3,5
1044,104408,4,4,4,4
1044,104409,4,3,3,4
1044,104410,5,3,3,4
1044,104411,2,4,4,5
1044,104412,4,4,4,4
1044,104413,1,3,4,4
1044,104414,4,3,3,4
1044,104415,,3,3,4
1044,104416,4,3,3,6
1044,104417,4,3,3,4
1044,104418,4,3,3,3
1044,104419,4,3,3,4
1045,104501,3,3,3,4
1045,104502,3,3,3,4
1045,104503,4,4,4,4
1045,104504,5,4,3,4
1045,104505,4,3,3,4
1045,104506,5,2,3,5
1045,104507,3,4,3,2
1045,104508,5,4,4,4
1045,104509,5,3,2,6
1045,104510,3,3,3,5
1045,104511,2,3,4,4
1046,104601,5,3,4,3
1046,104602,3,3,3,4
1046,104603,2,2,4,4
1046,104604,3,4,3,4
1046,104605,4,3,4,5
1046,104606,2,3,3,5
1046,104607,5,3,4,6
1046,104608,3,3,3,4
1046,104609,,,,4
1046,104610,4,1,3,3
1046,104611,3,4,4,4
1046,104612,,,,
1046,104613,4,2,4,5
1046,104614,5,4,4,5
1046,104615,5,3,4,5
1046,104616,,,,4
1046,104617,5,3,4,5
1046,104618,4,3,3,5
1046,104619,1,1,3,5
1046,104620,3,3,3,4
1047,104701,1,3,2,6
1047,104702,4,4,4,4
1047,104703,3,2,3,5
1047,104704,4,4,3,6
1047,104705,3,2,3,5
1047,104706,1,1,3,6
1047,104707,3,3,4,4
1047,104708,5,4,4,4
1047,104709,2,4,3,5
1047,104710,3,4,4,4
1047,104711,5,4,4,6
1047,104712,2,4,3,5
1047,104713,4,4,3,4
1047,104714,3,3,4,4
1047,104715,4,2,3,6
1047,104716,4,3,3,4
1047,104717,2,2,4,6
1047,104718,3,3,3,2
1047,104719,5,3,3,4
1047,104720,2,3,4,4
1048,104801,3,3,2,5
1048,104802,4,3,3,5
1048,104804,4,3,3,5
1048,104805,4,4,4,4
1048,104806,2,3,3,5
1048,104807,4,4,3,4
1048,104808,2,4,4,5
1048,104809,4,3,4,3
1048,104810,5,3,3,5
1048,104812,3,2,3,4
1048,104814,2,3,3,4
1048,104815,,,,6
1048,104817,5,2,4,3
1048,104819,2,3,4,4
1049,104901,3,4,3,4
1049,104902,5,2,3,3
1049,104903,3,4,4,6
1049,104904,4,3,3,5
1049,104905,3,3,4,5
1049,104906,4,3,4,4
1049,104907,4,3,3,5
1049,104908,3,3,3,4
1049,104909,3,4,3,6
1049,104910,2,3,3,6
1049,104911,,3,4,3
1049,104912,1,3,3,4
1049,104913,4,3,3,4
1049,104914,4,4,3,2
1050,105001,4,2,4,5
1050,105002,2,2,4,5
1050,105003,5,4,4,4
1050,105004,3,3,,
1050,105005,5,2,3,5
1050,105006,4,2,2,4
1050,105007,3,4,4,6
1050,105008,4,3,4,5
1050,105009,2,2,3,6
1050,105010,4,3,3,5
1050,105012,4,3,4,5
1050,105013,5,3,3,4
1050,105014,4,2,3,4
1050,105015,3,4,4,4
1050,105016,3,3,3,5
1050,105017,5,3,4,4
1050,105018,4,2,3,4
1050,105019,3,4,3,6
1050,105020,4,3,3,3
1051,105101,4,3,1,6
1051,105102,5,2,4,4
1051,105103,,,,
1051,105104,5,4,4,5
1051,105105,4,4,4,4
1051,105106,4,3,4,5
1051,105107,2,4,4,4
1051,105108,5,3,2,4
1051,105109,3,3,4,6
1051,105110,4,3,4,5
1052,105201,4,2,4,4
1052,105202,2,3,4,5
1052,105203,2,1,3,4
1052,105204,3,4,3,5
1052,105205,5,,,
1052,105206,4,2,3,6
1052,105207,4,4,4,5
1052,105208,3,3,4,5
1052,105209,2,2,4,4
1052,105210,3,3,4,5
1052,105211,3,2,3,4
1052,105212,5,4,4,6
1052,105213,1,2,3,4
1052,105214,3,3,4,6
1052,105215,3,3,4,6
1052,105216,3,4,3,4
1052,105217,2,3,3,6
1052,105218,4,3,3,6
1052,105219,1,1,3,4
1052,105220,3,3,3,5
1053,105301,4,3,3,4
1053,105302,4,2,3,5
1053,105303,5,3,3,5
1053,105304,3,2,4,6
1053,105305,3,2,3,6
1053,105306,2,2,3,6
1053,105307,2,3,3,5
1053,105308,3,3,3,3
1053,105309,2,2,3,6
1053,105310,4,3,3,3
1053,105311,3,3,4,5
1053,105312,3,2,3,4
1053,105313,4,2,3,2
1053,105314,4,3,3,6
1053,105315,4,4,4,
1053,105316,4,4,4,6
1053,105317,3,2,3,6
1053,105318,4,3,3,5
1053,105319,4,3,3,6
1053,105320,3,3,3,6
1054,105401,2,2,3,3
1054,105402,2,3,3,5
1054,105403,4,3,3,4
1054,105404,2,3,4,4
1054,105405,3,4,4,6
1054,105406,4,4,4,4
1054,105407,4,3,4,5
1054,105408,2,3,3,5
1054,105409,5,1,1,4
1054,105411,4,4,3,6
1054,105412,2,3,4,6
1054,105413,4,3,3,5
1054,105414,5,4,4,5
1054,105415,2,1,3,5
1054,105416,3,1,3,5
1054,105417,5,3,4,5
1054,105418,4,4,4,4
1055,105501,4,4,3,3
1055,105502,4,3,3,4
1055,105503,2,3,4,4
1055,105504,4,3,3,4
1055,105505,4,3,4,4
1055,105506,4,3,4,2
1055,105507,1,3,4,3
1055,105508,4,2,3,5
1055,105509,5,2,4,4
1055,105510,4,4,3,5
1055,105511,4,3,4,5
1055,105512,4,3,3,5
1056,105601,4,2,3,6
1056,105602,4,3,3,3
1056,105603,3,3,4,6
1056,105604,4,4,4,3
1056,105605,5,3,3,6
1056,105606,3,4,4,4
1056,105607,5,4,4,4
1056,105608,1,3,3,6
1056,105609,4,3,3,4
1056,105610,2,4,4,3
1056,105611,5,4,4,6
1056,105612,5,4,3,5
1056,105613,4,3,4,4
1056,105614,3,3,2,4
1056,105615,4,4,4,4
1056,105616,4,4,4,4
1056,105617,4,,,2
1058,105801,5,3,4,5
1058,105802,4,2,2,3
1058,105803,4,3,3,5
1058,105804,2,3,3,5
1058,105805,4,2,3,5
1058,105806,4,2,3,4
1058,105807,5,3,4,5
1058,105809,4,2,3,3
1059,105901,3,4,4,4
1059,105902,2,2,3,6
1059,105903,4,3,4,5
1059,105904,4,4,4,5
1059,105905,5,4,3,5
1059,105906,4,3,4,4
1059,105907,5,4,4,6
1059,105908,4,3,4,5
1059,105909,4,3,3,3
1059,105910,4,4,4,3
1059,105911,2,2,3,5
1059,105912,5,3,3,4
1059,105913,3,2,3,4
1059,105914,,4,4,2
1060,106001,2,4,4,5
1060,106002,5,4,3,4
1060,106003,5,4,4,3
1060,106004,4,3,4,6
1060,106005,4,3,4,3
1060,106006,5,3,4,3
1060,106007,4,4,4,4
1060,106008,3,4,4,5
1060,106009,4,3,4,4
1060,106010,4,3,3,4
1060,106011,4,2,3,2
1061,106101,2,2,2,6
1061,106102,5,4,4,6
1061,106103,4,4,3,6
1061,106104,4,3,3,6
1061,106105,5,2,3,5
1061,106106,5,4,4,6
1061,106107,2,4,3,3
1061,106108,4,3,3,3
1061,106109,3,2,3,5
1061,106110,4,4,4,4
1061,106111,5,3,3,6
1061,106112,5,1,3,5
1061,106113,4,3,3,4
1061,106114,4,3,3,5
1061,106115,3,4,4,4
1061,106116,4,4,4,5
1061,106117,3,3,4,5
1061,106118,4,4,4,5
1061,106119,4,2,4,5
1061,106120,2,2,3,6
1062,106201,,,,2
1062,106202,4,2,4,5
1062,106203,4,4,4,4
1062,106205,4,3,4,3
1062,106206,4,3,3,4
1062,106208,,,,
1062,106209,4,4,4,4
1062,106210,4,3,4,3
1062,106211,4,2,4,2
1062,106212,3,2,4,3
1062,106213,4,3,4,4
1062,106214,4,4,3,5
1062,106215,4,4,4,2
1062,106216,2,4,3,3
1062,106217,5,4,3,5
1062,106218,4,2,3,4
1062,106219,4,3,4,5
1062,106220,,2,3,4
1063,106301,4,4,4,5
1063,106302,3,4,4,6
1063,106303,4,3,3,4
1063,106304,4,3,3,4
1063,106305,5,4,4,5
1063,106306,5,4,4,4
1063,106307,4,3,3,3
1063,106308,4,4,4,4
1063,106309,4,4,4,2
1063,106310,4,4,4,6
1063,106311,,3,4,4
1063,106312,3,3,4,5
1063,106313,5,3,4,4
1063,106314,4,3,3,5
1063,106315,3,3,4,4
1063,106316,4,3,3,5
1063,106317,3,4,4,5
1063,106318,,,,6
1063,106319,4,4,4,4
1063,106320,5,4,4,5
1064,106401,5,3,3,4
1064,106402,4,3,3,4
1064,106403,5,4,4,5
1064,106404,2,3,3,4
1064,106405,4,4,4,5
1064,106406,3,3,3,4
1064,106407,3,4,4,2
1064,106408,,4,,5
1064,106409,3,3,3,4
1064,106410,4,4,4,4
1064,106411,2,3,4,5
1064,106412,4,3,3,5
1064,106413,4,4,4,3
1064,106414,3,3,3,5
1064,106415,4,3,4,4
1064,106416,5,3,3,5
1064,106417,3,4,4,6
1064,106418,2,3,3,4
1064,106419,4,3,4,5
1064,106420,2,2,3,4
1065,106501,1,4,3,6
1065,106502,1,4,3,5
1065,106503,2,3,3,4
1065,106504,4,3,2,5
1065,106505,1,4,4,5
1065,106506,4,3,3,4
1065,106507,1,4,4,5
1065,106508,2,4,4,4
1065,106509,3,4,4,2
1065,106510,1,1,3,4
1065,106511,3,4,4,2
1065,106512,3,4,4,4
1065,106513,3,4,4,5
1065,106514,3,1,3,3
1065,106515,3,3,3,4
1065,106516,3,1,4,4
1065,106517,2,3,3,5
1065,106518,3,2,3,2
1065,106519,3,3,3,4
1065,106520,2,3,3,5
1066,106601,5,3,3,6
1066,106602,1,2,3,5
1066,106603,5,3,4,4
1066,106605,5,4,3,5
1066,106606,3,3,3,4
1066,106607,5,2,4,5
1066,106608,5,4,4,5
1066,106609,5,2,4,5
1066,106610,5,2,4,5
1066,106611,4,3,3,5
1066,106612,5,2,4,5
1066,106613,5,3,3,3
1066,106614,5,2,4,4
1066,106615,4,4,4,5
1066,106616,4,3,4,5
1067,106701,5,3,4,5
1067,106702,5,4,3,5
1067,106703,4,3,3,6
1067,106704,4,3,3,6
1067,106705,3,4,3,5
1067,106706,4,4,4,5
1067,106707,5,3,4,4
1067,106708,2,4,3,5
1067,106709,5,3,4,5
1067,106710,4,3,3,4
1067,106711,4,3,3,3
1067,106712,4,3,3,6
1067,106713,4,3,3,5
1067,106714,4,3,4,6
1067,106715,4,3,3,4
1067,106716,5,4,4,6
1067,106717,2,4,4,6
1067,106718,2,3,3,5
1067,106719,5,2,4,4
1067,106720,4,3,3,5
1068,106801,3,3,3,3
1068,106802,4,3,3,3
1068,106803,5,3,4,6
1068,106804,4,4,4,5
1068,106805,4,4,3,4
1068,106806,4,4,4,4
1068,106807,2,4,4,5
1068,106808,5,4,4,5
1068,106809,4,4,4,5
1068,106810,4,3,4,4
1068,106811,3,3,3,5
1068,106812,3,3,3,3
1068,106813,5,3,3,2
1068,106814,2,3,4,4
1069,106901,5,3,3,5
1069,106902,4,3,3,6
1069,106903,2,3,3,4
1069,106904,3,4,4,6
1069,106905,1,2,3,5
1069,106906,4,4,4,5
1069,106907,4,3,2,5
1069,106908,4,3,4,5
1069,106909,4,4,3,4
1069,106910,2,4,4,6
1069,106911,4,3,3,5
1069,106912,1,2,3,4
1069,106913,2,2,3,5
1069,106914,4,4,4,3
1069,106915,2,2,3,4
1069,106916,4,3,3,5
1070,107001,4,3,4,4
1070,107002,2,2,3,5
1070,107003,5,2,3,3
1070,107004,2,3,3,4
1070,107005,5,2,3,3
1070,107006,4,3,4,5
1070,107007,4,3,3,5
1070,107008,3,3,3,4
1070,107009,4,4,3,3
1070,107010,5,3,3,5
1070,107011,4,3,4,4
1070,107012,4,2,4,4
1070,107013,4,3,3,5
1070,107014,2,,,4
1071,107101,4,3,3,5
1071,107102,4,2,2,6
1071,107103,5,4,4,5
1071,107104,4,4,4,5
1071,107105,4,3,3,5
1071,107106,4,3,4,4
1071,107107,4,3,4,6
1072,107201,3,3,3,6
1072,107202,4,3,3,5
1072,107203,4,3,3,6
1072,107204,4,3,3,6
1072,107205,3,3,3,5
1072,107206,4,4,4,4
1072,107207,3,3,3,5
1072,107209,4,3,2,3
1072,107210,1,1,4,4
1072,107211,4,2,3,5
1073,107301,3,3,3,5
1073,107302,4,3,3,6
1073,107303,5,4,4,5
1073,107304,5,3,4,4
1073,107305,3,3,3,4
1073,107306,5,4,3,4
1073,107307,4,3,3,6
1073,107308,2,3,3,5
1073,107309,5,3,3,5
1073,107310,4,3,3,5
1073,107311,3,2,4,2
1073,107312,3,3,3,5
1073,107313,2,2,3,3
1073,107314,4,4,4,5
1075,107501,4,3,,6
1075,107502,4,3,3,5
1075,107503,4,2,3,4
1075,107504,4,3,3,5
1075,107505,4,4,4,5
1075,107506,5,3,3,3
1075,107507,4,4,4,3
1076,107601,5,4,4,5
1076,107602,3,3,3,5
1076,107603,4,3,3,4
1076,107604,2,2,3,3
1076,107605,1,4,4,5
1076,107606,3,3,4,4
1076,107607,2,4,3,6
1076,107608,5,4,3,5
1076,107609,3,4,3,4
1076,107610,5,3,3,5
1076,107611,5,4,4,4
1078,107801,5,4,4,6
1078,107802,5,3,3,6
1078,107803,5,3,3,5
1078,107804,5,4,4,6
1078,107805,4,4,3,6
1078,107806,4,4,3,5
1078,107807,5,4,4,5
1078,107808,4,2,3,5
1078,107809,4,4,4,4
1078,107810,3,4,4,3
1078,107811,3,4,4,3
1079,107901,4,3,3,5
1079,107902,5,4,4,5
1079,107903,3,3,3,5
1079,107904,4,3,4,6
1079,107905,2,3,3,5
1079,107906,5,4,3,5
1079,107907,2,3,2,5
1079,107908,3,4,4,4
1080,108001,4,3,3,6
1080,108002,4,2,3,5
1080,108003,5,4,4,6
1080,108004,4,3,3,3
1080,108006,4,2,3,6
1080,108007,4,3,3,6
1080,108009,4,3,3,4
1080,108010,4,3,4,6
1080,108011,4,3,3,5
1080,108012,5,2,3,4
1080,108013,5,3,3,6
1082,108201,2,4,4,6
1082,108202,2,4,4,6
1082,108203,3,4,4,4
1082,108204,4,3,4,5
1082,108205,4,4,4,5
1082,108206,5,4,4,4
1082,108207,4,2,4,3
1082,108208,3,2,3,5
1082,108209,5,3,3,4
1082,108210,3,4,4,5
1082,108211,4,4,4,6
1082,108212,4,4,4,5
1082,108213,4,4,4,6
1082,108214,4,4,4,5
1082,108215,3,4,4,5
1082,108216,4,3,3,3
1082,108217,4,2,3,5
1082,108218,4,3,4,4
1082,108219,4,4,4,5
1082,108220,4,4,4,4
1083,108301,2,3,3,4
1083,108302,2,4,4,4
1083,108303,4,4,4,3
1083,108305,2,4,4,4
1083,108306,4,4,4,5
1083,108307,4,4,4,4
1083,108308,4,4,4,4
1083,108309,3,4,4,4
1083,108310,5,4,4,5
1083,108311,5,4,4,5
1083,108312,4,4,3,4
1083,108313,4,4,4,5
1083,108314,2,2,3,5
1083,108315,4,4,4,5
1083,108316,5,4,4,6
1083,108317,2,2,3,3
1083,108318,4,4,4,4
1083,108319,5,3,3,6
1083,108320,1,3,4,4
1084,108401,3,2,3,6
1084,108402,5,4,4,4
1084,108403,4,4,3,4
1084,108404,5,4,4,4
1084,108405,3,3,3,4
1084,108406,1,1,3,6
1084,108407,2,2,3,4
1084,108408,4,3,3,5
1084,108409,2,3,3,3
1084,108410,4,3,3,6
1084,108411,5,4,3,4
1084,108412,4,4,3,6
1084,108413,2,2,3,4
1084,108414,4,3,3,5
1084,108415,5,4,4,6
1084,108416,3,3,2,6
1084,108417,4,4,4,2
1084,108418,4,3,3,5
1085,108501,,,,3
1085,108502,4,4,4,5
1085,108503,3,4,4,6
1085,108504,3,4,3,4
1085,108505,4,3,3,3
1085,108506,3,3,3,3
1085,108507,2,3,3,5
1085,108508,4,3,4,5
1085,108509,3,4,4,5
1085,108510,2,3,4,4
1085,108511,4,3,3,3
1085,108512,1,4,4,5
1085,108513,4,4,4,3
1085,108514,4,3,4,3
1085,108515,4,1,4,6
1085,108516,5,4,4,3
1085,108517,4,4,4,5
1085,108518,5,4,4,4
1085,108519,4,4,4,2
1085,108520,5,4,4,5
1086,108601,4,4,3,5
1086,108602,4,3,3,5
1086,108603,4,3,3,2
1086,108604,4,3,4,3
1086,108605,4,4,3,3
1086,108606,4,3,3,3
1086,108607,4,3,3,5
1086,108609,,4,,3
1086,108610,4,3,3,4
1086,108611,4,3,3,6
1086,108612,2,4,4,4
1086,108613,4,3,4,5
1086,108614,4,3,4,6
1086,108615,4,4,4,2
1086,108617,2,3,4,5
1086,108618,3,3,4,4
1086,108619,5,4,3,4
1086,108620,3,3,3,4
1087,108701,4,4,4,4
1087,108702,5,2,3,6
1087,108703,4,3,4,5
1087,108704,5,4,3,4
1087,108705,5,4,4,4
1087,108706,4,3,4,3
1087,108707,2,2,3,4
1087,108708,3,3,3,5
1087,108709,4,4,4,5
1087,108710,4,4,3,6
1087,108711,3,3,4,5
1087,108712,5,4,4,6
1087,108713,4,3,3,4
1087,108714,5,4,4,4
1087,108715,2,4,3,5
1087,108716,4,2,3,5
1087,108717,4,4,3,4
1087,108718,3,3,3,5
1087,108719,4,3,3,5
1087,108720,3,3,3,4
1088,108801,4,3,3,6
1088,108802,,4,4,5
1088,108803,4,4,4,5
1088,108804,5,4,4,4
1088,108805,3,3,4,5
1088,108806,4,4,4,5
1088,108807,5,4,4,4
1088,108808,4,3,3,4
1088,108809,4,4,4,5
1088,108810,4,4,4,3
1088,108811,4,3,3,2
1088,108812,3,4,4,3
1088,108813,5,3,4,3
1088,108814,3,2,4,4
1088,108815,4,4,4,4
1088,108816,4,4,4,4
1088,108817,4,4,4,4
1088,108818,4,4,4,4
1088,108819,5,4,4,4
1088,108820,4,4,4,5
1089,108901,4,3,3,5
1089,108902,5,4,3,5
1089,108903,4,4,4,6
1089,108904,5,4,4,3
1089,108905,4,4,4,6
1089,108906,4,4,4,3
1089,108907,5,4,4,6
1089,108908,4,3,3,5
1089,108909,1,4,4,5
1089,108910,2,2,3,4
1089,108911,1,2,4,6
1089,108912,4,3,4,6
1089,108913,4,3,4,3
1089,108914,3,4,4,5
1089,108915,4,3,3,5
1089,108916,4,4,4,4
1089,108917,4,3,3,5
1089,108918,3,3,3,6
1089,108919,3,3,3,4
1089,108920,4,3,3,5
1090,109001,3,4,2,5
1090,109002,3,4,2,5
1090,109003,3,4,2,6
1090,109004,5,4,4,5
1090,109005,4,4,3,5
1090,109006,,2,2,
1090,109007,4,3,4,3
1090,109008,5,4,4,3
1090,109009,3,4,4,5
1090,109010,3,3,3,4
1090,109011,1,1,3,3
1090,109012,3,4,4,2
1090,109013,,,,3
1090,109014,4,3,4,4
1090,109015,4,4,3,4
1090,109016,4,4,4,5
1090,109018,1,3,3,4
1090,109019,3,3,3,3
1090,109020,,,,3
1091,109102,2,3,4,3
1091,109103,5,4,4,5
1091,109104,5,3,4,4
1091,109105,5,3,4,6
1091,109106,4,2,3,6
1091,109107,2,3,4,5
1091,109108,5,3,3,4
1091,109109,4,3,4,4
1091,109110,3,4,4,4
1091,109111,3,3,3,4
1091,109112,4,3,3,4
1091,109113,4,3,3,5
1091,109114,4,4,4,5
1091,109115,,,,4
1091,109116,4,3,4,5
1091,109117,4,3,3,5
1091,109118,4,2,3,4
1091,109119,4,3,4,6
1091,109120,2,3,4,2
1092,109202,5,2,2,3
1092,109203,4,4,4,4
1092,109204,,3,3,5
1092,109205,4,4,4,6
1092,109206,4,3,4,4
1092,109207,4,3,4,5
1092,109208,2,2,3,6
1092,109209,4,3,3,5
1092,109210,4,4,4,6
1092,109212,3,3,4,3
1092,109213,3,2,4,4
1092,109214,5,4,4,5
1092,109215,3,3,4,4
1092,109216,4,2,3,5
1092,109217,2,2,3,3
1092,109218,1,1,3,5
1092,109219,4,3,4,3
1092,109220,3,3,4,4
1093,109301,2,2,3,6
1093,109302,5,2,3,3
1093,109303,2,2,3,5
1093,109304,3,3,4,4
1093,109305,2,2,4,4
1093,109306,4,2,4,2
1093,109307,2,2,3,3
1093,109308,3,3,3,5
1093,109309,4,3,3,5
1093,109310,5,4,4,4
1093,109311,2,3,4,5
1093,109312,5,2,3,6
1093,109313,2,2,3,3
1093,109314,4,3,4,6
1093,109315,3,2,4,4
1093,109316,1,2,4,4
1093,109317,1,1,3,4
1093,109318,2,3,4,5
1093,109319,2,2,4,3
1093,109320,4,2,3,4
1094,109401,3,3,3,5
1094,109402,5,3,3,4
1094,109403,4,1,3,
1094,109404,4,3,3,4
1094,109406,4,4,4,5
1094,109410,4,2,3,3
1094,109411,3,4,4,5
1094,109413,3,4,4,5
1094,109415,2,1,3,3
1094,109416,2,2,3,4
1094,109418,2,3,3,
1094,109419,5,2,4,4
1095,109501,5,4,4,5
1095,109502,4,2,3,4
1095,109503,4,3,4,3
1095,109504,4,3,4,4
1095,109505,2,3,3,3
1095,109506,5,4,4,4
1095,109507,5,4,4,5
1095,109508,4,4,4,4
1095,109509,3,4,3,3
1095,109510,4,3,3,4
1095,109511,4,2,3,6
1095,109512,5,3,3,3
1095,109513,4,3,3,4
1095,109514,4,4,4,4
1095,109515,3,3,3,3
1095,109516,5,3,3,4
1095,109517,2,3,3,4
1095,109518,3,3,3,5
1095,109519,4,4,4,6
1096,109601,4,3,3,4
1096,109602,5,4,4,4
1096,109603,5,3,3,4
1096,109604,4,4,3,5
1096,109605,3,3,3,4
1096,109606,3,3,2,4
1096,109607,5,4,4,5
1096,109608,4,3,4,3
1096,109609,5,3,4,5
1096,109610,2,3,3,2
1096,109611,5,3,3,5
1096,109612,4,4,3,4
1096,109613,2,3,3,6
1096,109614,4,4,3,3
1096,109615,4,3,4,4
1096,109616,5,4,4,4
1096,109617,3,3,4,4
1096,109618,4,4,4,5
1096,109619,5,4,4,4
1096,109620,2,4,4,4
1097,109701,4,2,3,5
1097,109702,4,3,4,4
1097,109703,4,3,3,5
1097,109704,5,2,3,6
1097,109705,5,4,3,4
1097,109706,3,1,4,4
1097,109707,3,3,4,5
1097,109708,5,4,3,6
1097,109709,5,3,3,5
1097,109710,2,2,4,4
1097,109711,5,2,3,4
1097,109713,2,2,3,5
1097,109714,4,2,4,5
1097,109715,4,2,3,5
1097,109716,5,2,3,4
1097,109717,3,2,3,5
1098,109801,3,1,4,4
1098,109802,,3,3,3
1098,109803,3,4,4,4
1098,109804,,,,4
1098,109805,5,3,3,3
1098,109806,4,3,3,4
1098,109807,5,2,3,4
1098,109808,4,3,4,4
1098,109809,4,4,3,4
1098,109810,4,4,4,5
1098,109811,2,4,4,4
1098,109812,4,4,4,5
1098,109814,4,4,3,4
1098,109815,4,4,4,4
1098,109816,2,3,3,5
1098,109817,4,3,3,4
1098,109818,4,4,4,3
1098,109819,4,2,4,5
1098,109820,4,3,4,4
1099,109901,4,4,3,5
1099,109902,4,4,4,4
1099,109903,5,3,3,3
1099,109904,2,4,4,5
1099,109905,3,3,4,5
1099,109906,2,2,3,5
1099,109907,2,4,3,4
1099,109908,2,3,3,6
1099,109909,3,2,3,5
1099,109910,4,4,4,3
1099,109911,4,3,3,5
1099,109912,5,2,3,6
1099,109913,2,3,4,5
1099,109914,4,3,2,5
1099,109915,1,1,3,5
1099,109916,1,3,3,4
1099,109917,2,3,4,6
1099,109918,3,4,4,5
1099,109919,5,3,3,5
1099,109920,4,4,4,4
1100,110001,2,2,4,4
1100,110002,4,4,3,4
1100,110003,4,3,3,3
1100,110004,4,3,3,4
1100,110005,4,3,3,3
1100,110006,,,,3
1100,110007,1,1,3,4
1101,110101,3,3,4,6
1101,110102,4,2,3,5
1101,110103,3,2,3,6
1101,110104,2,1,4,6
1101,110105,3,2,4,6
1101,110106,3,1,3,6
1101,110110,5,3,3,4
1101,110111,5,2,3,5
1101,110112,2,2,3,5
1101,110113,3,3,3,4
1101,110114,3,2,4,3
1101,110115,2,4,4,5
1101,110116,1,1,4,4
1101,110117,4,1,4,4
1101,110118,4,3,3,4
1101,110119,2,2,3,5
1101,110120,2,3,4,6
1102,110201,5,4,4,4
1102,110202,5,2,4,5
1102,110203,4,4,4,6
1102,110204,2,2,4,6
1102,110205,5,3,4,6
1102,110206,4,3,3,5
1102,110207,3,3,4,5
1102,110208,4,2,3,5
1102,110209,4,4,3,5
1102,110210,4,4,4,4
1102,110211,5,3,4,3
1102,110212,5,4,4,6
1102,110213,2,2,3,5
1102,110214,2,4,4,4
1102,110215,5,4,3,5
1102,110216,4,3,3,6
1102,110217,5,4,4,5
1102,110218,3,2,3,4
1102,110219,4,3,3,6
1102,110220,2,3,4,6
1104,110401,5,4,4,4
1104,110404,4,4,4,5
1104,110405,2,3,3,5
1104,110406,5,1,3,5
1104,110407,4,3,3,4
1104,110408,4,4,3,6
1104,110409,2,1,3,5
1104,110410,3,4,4,6
1104,110413,2,2,3,6
1104,110415,4,2,3,4
1104,110416,3,4,4,5
1104,110417,4,3,4,5
1104,110420,5,2,4,6
1105,110501,4,3,3,2
1105,110502,2,3,1,3
1105,110503,5,3,4,5
1105,110504,5,3,3,3
1105,110506,,,,
1105,110507,4,4,4,4
1105,110508,4,4,3,4
1105,110510,,,,5
1105,110511,2,3,3,6
1105,110512,,,,4
1105,110513,5,3,4,5
1106,110601,2,3,3,3
1106,110602,4,4,4,6
1106,110603,5,4,3,4
1106,110604,4,3,3,5
1106,110605,5,4,3,5
1106,110606,4,2,4,3
1106,110607,4,4,4,6
1106,110608,4,4,3,5
1106,110609,3,1,4,3
1106,110610,4,4,3,5
1106,110611,4,3,3,5
1106,110612,5,4,4,4
1106,110613,5,4,3,6
1106,110614,3,3,3,4
1106,110615,4,4,4,6
1106,110616,4,3,4,6
1106,110617,5,3,3,6
1106,110618,4,3,3,4
1106,110619,3,3,3,4
1106,110620,2,1,3,3
1107,110701,3,3,3,5
1107,110702,3,3,4,5
1107,110703,4,4,3,5
1107,110704,3,3,4,5
1107,110705,4,3,3,6
1107,110706,4,3,4,5
1107,110707,5,4,4,6
1107,110708,,,,5
1107,110709,4,4,4,5
1107,110710,3,3,4,5
1107,110711,3,2,4,5
1107,110712,4,3,3,4
1107,110713,4,4,4,5
1107,110714,4,3,3,5
1107,110715,4,2,3,5
1107,110717,5,2,4,4
1107,110718,5,2,3,3
1107,110719,1,2,4,4
1107,110720,4,3,3,4
1108,110801,4,1,3,5
1108,110802,4,2,3,6
1108,110803,4,2,3,3
1108,110804,2,3,3,6
1108,110805,,,,4
1108,110806,4,1,3,4
1108,110807,5,2,3,4
1108,110809,5,2,2,4
1108,110810,5,3,3,4
1108,110811,4,3,3,4
1108,110812,5,3,4,5
1108,110813,5,1,2,3
1108,110814,3,2,3,3
1108,110815,2,3,3,5
1108,110816,3,2,3,6
1108,110817,5,2,3,5
1108,110818,5,3,4,6
1108,110819,5,3,3,3
1108,110820,,,,4
1110,111001,4,4,4,6
1110,111002,2,3,3,4
1110,111003,,4,3,3
1110,111004,3,4,3,2
1110,111005,4,2,3,3
1110,111006,4,3,4,5
1110,111007,4,3,4,4
1110,111008,,,,
1110,111009,3,,,
1110,111010,5,3,3,4
1110,111011,4,3,3,3
1110,111012,4,3,3,6
1110,111013,5,2,3,4
1110,111014,4,3,3,4
1110,111015,5,4,4,4
1110,111017,5,2,3,4
1110,111018,,,,6
1111,111101,1,3,4,5
1111,111102,4,3,2,5
1111,111103,4,2,3,3
1111,111104,5,3,4,4
1111,111105,5,3,3,5
1111,111106,3,3,3,3
1111,111107,4,4,3,5
1111,111108,3,3,2,3
1111,111109,3,4,4,3
1111,111110,3,4,3,4
1111,111111,4,4,4,4
1111,111112,4,4,4,5
1111,111113,5,3,3,4
1111,111114,4,4,4,5
1111,111115,5,4,4,4
1112,111201,4,4,4,3
1112,111202,4,3,3,6
1112,111203,5,2,3,5
1112,111204,4,4,4,5
1112,111205,3,4,4,4
1112,111206,4,4,4,3
1112,111207,4,4,4,5
1112,111208,5,3,4,5
1112,111209,4,2,3,6
1112,111210,3,3,2,6
1112,111211,5,3,3,5
1112,111212,4,2,3,3
1112,111213,5,2,3,4
1112,111214,4,3,2,4
1112,111215,4,2,4,5
1112,111216,,,4,3
1112,111217,4,3,4,3
1112,111218,2,2,3,6
1112,111219,5,2,3,2
1112,111220,4,2,4,3
1113,111301,5,3,3,6
1113,111302,4,4,3,4
1113,111303,5,3,4,5
1113,111304,5,3,4,4
1113,111305,4,4,4,5
1113,111306,4,3,3,6
1113,111307,5,2,3,5
1113,111308,3,3,3,5
1113,111309,5,3,4,5
1113,111310,4,1,4,4
1113,111311,5,2,3,4
1113,111312,5,3,3,
1113,111313,,,,
1113,111314,2,3,4,4
1113,111315,,,,
1113,111316,5,3,4,4
1113,111317,5,2,4,3
1113,111318,1,3,4,4
1113,111320,4,2,3,5
1115,111503,3,4,4,5
1115,111506,2,2,2,3
1115,111507,4,3,4,4
1115,111508,4,3,3,5
1115,111509,4,4,3,4
1115,111511,3,2,3,4
1115,111512,5,2,2,4
1115,111513,3,3,3,4
1115,111517,3,2,4,3
1115,111518,4,2,4,5
1115,111519,3,3,3,5
1115,111520,1,2,3,4
1117,111701,5,3,4,5
1117,111702,4,4,4,5
1117,111703,2,1,3,5
1117,111704,4,1,3,4
1117,111705,2,2,3,4
1117,111706,1,1,3,4
1117,111707,3,1,3,
1117,111708,2,2,3,5
1117,111709,3,4,3,5
1117,111711,5,2,3,4
1117,111712,,,,
1117,111713,2,2,3,6
1117,111714,1,1,4,4
1117,111715,4,1,3,4
1117,111717,4,2,3,5
1117,111718,4,1,3,5
1117,111720,4,2,3,6
1118,111801,4,3,3,5
1118,111802,5,3,3,5
1118,111803,3,4,3,5
1118,111804,4,3,3,3
1118,111805,4,3,3,5
1118,111806,1,2,4,6
1118,111807,4,4,4,4
1118,111808,2,2,3,2
1118,111809,3,4,4,4
1118,111810,4,3,3,4
1118,111811,2,2,3,4
1118,111812,4,3,3,4
1118,111813,5,3,3,5
1118,111814,3,2,4,4
1118,111815,1,1,1,2
1118,111816,5,2,4,3
1118,111817,3,2,3,5
1118,111818,5,2,4,5
1118,111819,4,4,3,2
1118,111820,5,3,3,5
1119,111901,4,2,3,4
1119,111902,2,2,3,6
1119,111903,5,3,4,4
1119,111904,4,3,4,4
1119,111905,4,2,3,5
1119,111906,4,2,4,5
1119,111907,1,1,2,5
1119,111908,5,4,4,2
1119,111909,5,3,3,5
1119,111910,4,3,4,5
1119,111911,4,2,3,6
1119,111912,1,3,3,4
1119,111913,2,1,3,4
1119,111914,2,3,3,3
1119,111915,4,3,3,5
1119,111916,5,3,4,3
1119,111917,4,3,3,4
1119,111918,3,1,3,3
1119,111919,5,3,3,5
1119,111920,3,2,4,3
1120,112001,3,2,3,4
1120,112002,,,,5
1120,112003,3,2,3,5
1120,112004,5,2,4,4
1120,112005,3,3,4,3
1120,112006,3,2,4,4
1120,112007,2,2,3,4
1120,112008,5,3,4,3
1120,112009,4,2,3,4
1120,112010,3,2,3,3
1120,112011,4,2,4,3
1120,112012,1,2,4,4
1120,112013,,,,
1120,112015,2,2,3,3
1120,112016,3,2,3,4
1121,112101,,,,4
1121,112102,5,3,3,5
1121,112103,4,3,3,5
1121,112104,4,3,3,3
1121,112105,,2,3,
1121,112106,,,,5
1121,112107,2,2,2,5
1121,112108,5,2,3,6
1121,112109,1,1,3,5
1121,112110,5,1,4,4
1121,112111,3,2,3,4
1121,112112,5,2,4,3
1121,112113,4,2,3,6
1121,112114,5,3,3,6
1121,112115,2,2,3,3
1121,112116,2,2,2,5
1121,112117,5,3,3,5
1121,112118,4,3,4,5
1121,112120,4,2,3,4
1123,112301,2,3,3,5
1123,112302,5,3,4,5
1124,112403,4,4,3,3
1124,112404,2,2,3,4
1124,112405,,,,4
1124,112407,4,2,3,4
1124,112408,3,3,3,3
1124,112409,5,3,4,3
1124,112410,3,3,4,5
1124,112412,3,3,4,3
1124,112413,1,3,3,5
1124,112414,3,2,3,5
1124,112415,5,3,3,6
1124,112416,1,1,3,4
1124,112418,3,2,3,4
1124,112419,5,3,3,5
1124,112420,5,3,3,6
1125,112501,5,4,4,5
1125,112502,5,4,4,6
1125,112503,4,3,3,6
1125,112504,5,3,3,5
1125,112505,4,3,3,6
1125,112506,2,3,2,5
1125,112507,5,4,3,5
1125,112508,5,4,4,6
1125,112509,3,4,4,6
1126,112601,5,4,4,4
1126,112602,5,3,3,5
1126,112603,3,3,3,5
1126,112604,2,3,4,6
1126,112605,5,4,4,5
1126,112606,5,4,4,5
1126,112607,2,3,4,5
1126,112608,5,4,4,5
1126,112609,4,4,4,5
1126,112610,4,4,3,5
1126,112611,3,4,4,5
1126,112612,4,3,3,4
1127,112703,5,4,4,5
1127,112704,4,3,3,5
1127,112705,4,4,4,5
1127,112706,4,3,4,3
1127,112707,4,3,3,2
1127,112708,5,4,3,6
1127,112709,3,3,4,5
1127,112710,3,3,3,4
1127,112711,4,4,4,3
1127,112712,3,4,4,3
1127,112713,4,3,3,5
1128,112801,4,4,3,5
1128,112802,3,4,4,5
1128,112803,4,4,4,6
1128,112804,4,4,3,6
1128,112805,5,2,3,5
1128,112806,4,4,4,5
1130,113001,4,3,3,5
1130,113002,3,3,3,3
1130,113003,5,4,4,4
1130,113004,3,3,3,5
1130,113005,3,3,3,4
1130,113006,3,4,4,4
1130,113007,5,3,4,5
1130,113008,4,3,3,5
1130,113009,5,3,3,5
1130,113010,4,3,4,4
1130,113011,4,3,3,6
1130,113012,2,4,4,3
1130,113013,3,3,4,6
1130,113015,3,4,4,6
1130,113016,4,3,3,5
1130,113017,4,3,3,5
1130,113018,2,4,3,5
1131,113101,4,4,4,4
1131,113102,5,3,3,5
1131,113103,4,3,2,6
1131,113105,4,3,2,6
1131,113106,5,3,4,5
1131,113108,4,3,4,5
1131,113109,2,3,3,4
1131,113110,2,4,4,6
1131,113111,4,4,4,5
1132,113203,4,4,4,6
1132,113204,2,3,2,6
1132,113205,2,3,2,5
1132,113206,4,4,3,5
1132,113207,4,2,3,5
1132,113208,4,3,3,5
1132,113211,3,3,4,4
1132,113212,4,3,3,5
1132,113213,5,2,3,6
1133,113301,5,4,4,5
1133,113302,5,4,4,6
1133,113303,4,4,4,6
1133,113304,3,4,2,5
1133,113305,4,3,3,5
1133,113306,5,4,3,5
1133,113307,4,2,3,5
1133,113308,4,3,4,6
1134,113401,5,4,4,6
1134,113402,4,3,4,6
1134,113403,2,4,3,5
1134,113404,4,4,4,6
1134,113405,4,3,3,5
1134,113406,5,3,3,6
1134,113407,3,4,4,6
1134,113408,2,2,4,4
1134,113409,4,4,4,2
1134,113410,2,3,3,5
1136,113602,4,2,3,4
1136,113604,3,4,3,6
1136,113605,5,3,3,3
1136,113606,2,4,3,4
1136,113607,4,3,4,5
1136,113608,3,3,3,5
1136,113609,5,3,3,6
1136,113610,5,4,4,2
1136,113611,4,3,3,6
1136,113612,,4,4,6
1137,113702,4,4,3,6
1137,113705,4,3,3,3
1137,113706,4,4,3,6
1137,113708,4,3,3,5
1137,113709,4,3,4,5
1137,113710,2,3,4,5
1137,113711,5,4,4,5
1138,113801,4,3,4,5
1138,113802,2,3,4,3
1138,113803,4,3,3,6
1138,113804,4,4,4,6
1138,113805,4,3,2,4
1138,113806,3,3,3,5
1138,113807,2,2,2,4
1138,113808,4,3,3,5
1138,113809,5,3,3,4
1140,114001,4,2,2,4
1140,114002,2,3,3,6
1140,114003,3,4,4,4
1140,114004,4,3,3,5
1140,114005,5,3,2,6
1140,114006,4,4,3,6
1140,114007,4,4,4,6
1140,114008,3,3,4,6
1140,114009,3,3,3,3
1140,114010,3,2,3,4
1141,114101,5,4,4,5
1141,114102,,,,6
1141,114103,5,4,4,5
1141,114104,3,3,3,5
1141,114105,3,3,3,5
1141,114106,4,3,4,6
1141,114107,5,3,4,5
1141,114108,3,2,2,3
1141,114109,5,2,4,6
1141,114110,5,4,3,5
1142,114201,2,3,3,3
1142,114202,4,3,3,3
1142,114203,4,4,4,6
1142,114204,4,3,3,4
1142,114205,4,3,3,5
1142,114207,4,3,3,3
1142,114208,5,4,3,6
1142,114209,2,2,3,5
1142,114210,4,4,4,4
1142,114211,4,2,3,4
1143,114301,4,4,3,4
1143,114302,3,3,3,5
1143,114303,3,3,3,6
1143,114304,5,4,3,5
1143,114305,4,4,4,5
1143,114306,5,3,4,5
1143,114307,4,3,3,6
1143,114308,4,2,3,5
1143,114309,3,3,3,5
1143,114310,5,2,3,5
1143,114311,4,4,,6
1144,114401,3,4,3,4
1144,114402,4,3,3,5
1144,114403,5,4,4,6
1144,114404,5,4,4,6
1144,114405,3,4,4,5
1144,114406,4,4,2,5
1144,114407,4,4,4,6
1144,114408,4,3,3,5
1144,114409,4,4,3,5
1144,114410,4,3,3,4
1144,114411,4,3,3,4
1145,114501,4,4,3,5
1145,114502,4,1,3,5
1145,114503,4,2,3,5
1145,114504,4,2,3,6
1145,114505,3,4,3,5
1145,114506,3,4,3,5
1146,114601,4,2,3,5
1146,114602,4,4,3,6
1146,114603,4,3,3,6
1146,114604,4,3,4,6
1146,114605,4,4,4,6
1146,114606,4,4,4,6
1146,114607,3,4,4,5
1146,114608,4,4,2,5
1146,114609,4,3,3,4
1146,114612,3,4,4,3
1147,114701,4,3,3,4
1147,114702,3,3,3,5
1147,114703,5,2,3,5
1147,114704,5,4,4,5
1147,114705,2,3,4,5
1147,114706,4,3,4,5
1147,114707,4,3,3,5
1148,114801,4,3,3,1
1148,114802,4,4,4,4
1148,114803,1,3,3,2
1148,114804,2,4,4,5
1148,114805,5,3,4,4
1148,114806,4,3,3,6
1148,114807,3,4,4,6
1148,114808,,,,6
1148,114809,4,3,3,6
1149,114901,2,3,2,5
1149,114902,4,4,4,5
1149,114903,5,3,4,6
1149,114904,4,3,3,6
1149,114906,5,4,4,3
1149,114907,4,3,3,6
1149,114909,2,3,3,2
1149,114910,,,,
1150,115001,4,3,3,5
1150,115002,5,4,3,6
1150,115003,2,3,3,5
1150,115004,5,3,3,5
1150,115005,4,4,3,6
1150,115006,3,3,4,3
1150,115007,4,3,4,4
1150,115008,,,,6
1150,115009,,3,3,2
1150,115010,3,4,3,5
1151,115101,5,4,4,3
1151,115102,5,3,4,3
1151,115103,3,4,4,4
1151,115104,4,3,4,5
1151,115105,5,4,3,5
1151,115106,5,4,4,5
1151,115107,3,4,3,6
1151,115108,2,2,3,3
1151,115109,3,3,3,5
1151,115110,5,3,4,5
1151,115111,4,3,3,5
1151,115112,4,4,4,4
1151,115113,5,4,3,4
1151,115114,5,1,2,5
1151,115115,5,3,4,4
1151,115116,4,3,3,6
1151,115118,5,2,3,4
1151,115119,4,4,4,5
1151,115120,1,2,3,4
1152,115201,4,3,3,5
1152,115202,5,4,4,4
1152,115203,4,4,4,4
1152,115204,5,4,4,6
1152,115205,4,3,4,6
1152,115206,4,3,3,3
1152,115207,,,,6
1152,115208,5,4,4,3
1152,115209,5,4,3,5
1152,115210,4,3,3,5
1152,115211,,3,2,3
1152,115212,5,3,3,5
1152,115213,3,3,3,4
1153,115301,5,4,4,5
1153,115302,5,3,3,5
1153,115303,2,3,2,5
1153,115304,2,2,3,5
1153,115305,4,4,3,5
1153,115306,4,3,4,6
1153,115307,5,2,2,3
1153,115308,4,3,3,6
1153,115309,,,,4
1154,115401,5,3,3,4
1154,115402,5,4,4,3
1154,115403,,4,3,5
1154,115404,4,4,3,5
1154,115405,3,4,3,3
1154,115406,5,3,4,4
1154,115407,5,3,2,
1154,115408,4,3,4,4
1154,115409,5,4,4,4
1154,115410,4,4,4,6
1154,115411,4,4,4,4
1154,115412,5,2,3,6
1154,115413,5,3,3,5
1154,115414,5,4,3,6
1154,115415,,,,4
1154,115416,4,2,2,4
1154,115418,5,2,3,5
1154,115419,5,2,4,4
1154,115420,5,3,3,3
1155,115501,5,4,4,6
1155,115502,4,3,3,6
1155,115503,3,4,4,5
1155,115504,1,4,2,5
1155,115505,3,2,3,3
1155,115506,4,2,3,3
1155,115507,5,3,3,3
1155,115508,,3,3,6
1155,115509,4,3,3,5
1155,115510,5,3,4,5
1155,115511,5,4,3,3
1155,115512,3,3,3,3
1155,115513,4,3,3,3
1155,115514,4,4,4,5
1155,115515,5,4,4,5
1155,115516,5,4,3,3
1155,115517,4,4,4,6
1155,115518,4,3,3,2
1155,115519,5,4,4,2
1155,115520,5,4,4,3
1156,115601,4,4,4,4
1156,115602,2,3,3,4
1156,115603,5,4,4,4
1156,115604,4,2,4,6
1156,115605,4,4,3,5
1156,115606,4,3,4,4
1156,115607,5,4,4,6
1156,115608,4,3,4,5
1156,115609,5,2,4,3
1156,115610,4,3,4,4
1156,115611,5,3,3,3
1156,115612,5,4,2,3
1156,115613,4,4,3,4
1156,115614,4,2,4,4
1156,115615,4,4,3,3
1156,115616,5,3,4,4
1156,115617,4,3,4,4
1156,115618,5,3,4,6
1156,115619,4,3,4,3
1157,115701,5,3,3,4
1157,115702,,,,4
1157,115703,4,3,4,5
1157,115704,4,4,3,4
1157,115705,4,3,4,4
1157,115706,5,4,3,5
1157,115707,4,4,4,6
1157,115709,3,4,3,5
1157,115710,,,4,6
1157,115711,5,4,4,4
1157,115712,5,2,3,5
1157,115713,4,4,3,6
1157,115714,3,3,3,2
1157,115715,4,3,3,4
1157,115716,3,2,4,5
1157,115718,2,2,3,5
1157,115719,4,3,3,3
1157,115720,4,2,3,3
1158,115801,4,4,3,3
1158,115802,4,2,3,5
1158,115803,2,3,3,5
1158,115804,3,3,3,4
1158,115805,4,4,3,4
1158,115806,5,3,4,6
1158,115807,4,3,3,3
1158,115808,5,4,4,4
1158,115809,5,4,4,3
1158,115810,5,3,4,3
1158,115811,4,3,3,3
1158,115812,4,4,3,3
1159,115901,5,3,3,6
1159,115902,4,2,3,5
1159,115903,3,4,3,5
1159,115904,5,4,4,3
1159,115905,5,4,4,5
1159,115906,5,3,4,4
1159,115907,3,4,2,5
1159,115908,4,2,3,5
1159,115909,5,4,3,5
1159,115910,4,3,3,5
1159,115911,4,4,3,4
1159,115912,5,2,3,5
1159,115913,5,3,4,5
1159,115914,5,2,3,4
1159,115915,2,2,3,2
1160,116001,4,2,2,4
1160,116002,5,4,3,3
1160,116003,3,3,3,3
1160,116005,5,3,2,3
1160,116006,5,4,4,2
1160,116007,5,3,4,3
1160,116008,4,4,4,4
1160,116009,5,3,4,3
1160,116010,5,3,3,3
1160,116011,5,3,4,3
1160,116012,4,4,3,3
1160,116013,4,3,3,3
1160,116014,4,3,3,2
1161,116101,4,3,3,4
1161,116102,4,4,4,4
1161,116103,2,2,3,3
1161,116104,3,3,3,5
1161,116105,4,4,3,3
1161,116106,4,3,4,4
1161,116107,5,3,3,5
1161,116108,2,3,3,4
1161,116109,5,4,4,6
1161,116110,3,4,4,4
1161,116111,5,4,3,5
1161,116112,4,4,3,3
1161,116113,2,3,4,5
1162,116201,5,3,3,5
1162,116202,4,3,3,4
1162,116203,4,3,3,4
1162,116204,4,3,3,4
1162,116205,2,3,3,5
1162,116206,4,3,3,4
1162,116207,4,3,3,4
1162,116208,4,3,3,3
1162,116209,4,3,4,3
1162,116210,4,3,3,5
1162,116211,5,2,3,6
1162,116212,4,4,4,4
1163,116301,5,2,3,6
1163,116302,5,4,4,6
1163,116303,5,4,3,5
1163,116304,4,2,3,6
1163,116305,5,4,3,4
1163,116306,5,4,3,5
1163,116308,5,4,,4
1163,116309,4,4,3,5
1163,116310,4,4,4,5
1163,116311,5,4,3,6
1163,116313,5,4,3,4
1163,116314,5,3,3,4
1163,116315,4,3,2,3
1163,116317,4,3,3,6
1164,116401,4,3,3,6
1164,116403,3,2,4,5
1164,116405,3,3,3,4
1165,116501,5,3,3,4
1165,116502,4,4,4,5
1165,116503,5,3,4,6
1165,116504,5,4,4,3
1165,116505,5,3,3,3
1165,116506,5,4,4,3
1165,116507,5,4,1,6
1165,116508,4,3,3,5
1165,116509,3,3,3,4
1165,116510,5,4,4,4
1165,116511,4,3,2,3
1165,116512,2,3,3,4
1165,116513,4,3,4,5
1165,116514,4,3,3,4
1165,116515,4,2,3,2
1165,116516,3,2,3,4
1165,116517,4,3,4,3
1165,116518,3,4,3,4
1165,116519,2,4,3,4
1165,116520,4,4,4,3
1166,116601,2,3,4,3
1166,116602,2,4,3,5
1166,116603,3,3,3,5
1166,116604,4,4,4,4
1166,116605,4,2,3,5
1166,116606,2,,,4
1166,116607,3,3,3,5
1166,116608,4,4,4,5
1166,116609,3,3,2,6
1166,116610,4,3,4,6
1166,116611,4,2,3,3
1166,116612,4,3,3,5
1166,116613,2,2,3,5
1166,116614,4,4,3,6
1166,116615,,,,4
1166,116616,4,3,3,5
1166,116617,2,4,3,5
1166,116618,2,4,4,5
1166,116619,5,3,3,5
1166,116620,4,4,4,3
1167,116701,5,3,4,4
1167,116702,5,3,4,4
1167,116703,5,3,4,4
1167,116704,5,2,3,6
1167,116705,5,4,3,6
1167,116706,4,4,3,4
1167,116707,3,3,3,4
1167,116708,4,4,4,5
1167,116709,5,4,4,4
1167,116710,3,3,3,5
1167,116711,2,3,3,3
1167,116712,5,4,4,4
1167,116713,5,4,3,6
1167,116714,3,4,3,6
1167,116715,3,3,3,2
1167,116716,5,4,4,6
1167,116717,5,4,3,5
1167,116718,4,4,3,4
1167,116719,5,3,3,5
1167,116720,4,3,4,5
1168,116801,3,1,3,3
1168,116802,3,3,3,4
1168,116803,1,1,1,5
1168,116804,4,4,3,4
1168,116805,3,2,4,3
1168,116806,1,4,4,5
1168,116807,2,3,3,5
1168,116808,1,3,4,3
1168,116809,3,3,3,4
1168,116810,1,2,3,3
1168,116811,4,3,1,5
1168,116812,5,4,4,2
1168,116813,2,3,3,6
1168,116814,4,4,4,5
1168,116815,3,2,2,5
1168,116816,4,2,3,6
1168,116817,4,3,3,3
1168,116818,3,4,3,6
1168,116819,3,3,3,3
1168,116820,3,3,4,6
1169,116901,5,4,4,3
1169,116902,5,3,3,3
1169,116903,4,4,4,4
1169,116904,4,3,3,5
1169,116905,3,3,3,5
1169,116906,4,4,4,5
1169,116907,5,3,3,4
1169,116908,4,3,3,5
1169,116909,3,3,3,2
1169,116910,2,2,3,3
1169,116911,3,4,4,5
1169,116912,1,3,3,4
1169,116914,2,2,2,4
1169,116915,4,4,4,6
1169,116917,3,3,3,4
1169,116918,2,4,2,3
1169,116919,5,3,4,3
1169,116920,3,3,3,5
1171,117101,4,3,4,4
1171,117102,,,1,4
1171,117103,3,3,3,5
1171,117104,2,3,3,6
1171,117105,3,2,4,5
1171,117106,5,4,4,4
1171,117107,4,3,3,6
1171,117108,1,4,4,5
1171,117109,,4,,4
1171,117110,5,4,3,5
1171,117111,4,,,3
1171,117112,5,3,3,3
1171,117113,4,4,4,4
1171,117114,5,4,4,4
1171,117115,4,3,3,3
1171,117116,3,3,3,3
1171,117117,1,3,3,3
1171,117119,3,4,4,5
1172,117201,4,4,4,4
1172,117202,4,3,3,5
1172,117203,5,4,4,5
1172,117204,4,4,4,4
1172,117205,5,3,4,5
1172,117206,4,3,4,6
1172,117207,4,3,4,4
1172,117208,3,3,3,5
1172,117209,4,4,4,4
1172,117210,3,3,4,4
1172,117211,4,3,4,4
1172,117212,4,4,4,5
1172,117213,3,3,3,5
1174,117401,4,,4,
1174,117402,4,4,4,4
1174,117403,4,4,3,4
1174,117404,4,4,4,3
1174,117405,4,3,3,4
1174,117406,3,3,4,4
1174,117407,1,3,4,3
1174,117408,4,3,4,5
1174,117409,4,2,3,6
1174,117410,3,3,3,3
1174,117411,5,4,4,5
1174,117412,4,4,4,4
1174,117413,5,4,4,4
1174,117414,4,4,4,2
1174,117415,4,3,3,5
1174,117416,,,,4
1174,117418,4,3,3,4
1174,117419,4,4,3,5
1174,117420,3,4,4,3
1175,117501,3,4,4,4
1175,117502,5,3,4,5
1175,117503,5,4,4,4
1175,117504,4,3,3,5
1175,117505,5,4,3,5
1175,117506,3,4,3,2
1175,117507,,,,3
1175,117508,3,4,3,4
1175,117509,5,3,4,5
1175,117510,3,4,4,4
1175,117511,4,4,4,5
1175,117512,3,4,3,5
1175,117513,3,3,3,3
1175,117514,4,4,3,5
1175,117515,,3,4,5
1175,117516,3,3,3,6
1175,117517,3,3,2,
1175,117518,4,4,3,4
1175,117520,5,3,3,3
1176,117601,4,4,4,5
1176,117602,3,2,3,3
1176,117603,4,4,4,4
1176,117604,,,,
1176,117605,3,3,3,6
1176,117606,,,,
1176,117607,4,3,3,3
1176,117608,3,3,4,5
1176,117609,4,4,3,5
1176,117611,4,4,4,4
1176,117612,,,,
1176,117613,5,2,3,4
1176,117614,2,,,
1176,117615,4,4,3,5
1176,117616,4,3,2,3
1176,117617,3,3,3,5
1177,117701,4,3,3,4
1177,117702,5,4,4,5
1177,117704,4,4,4,5
1177,117705,5,4,4,5
1177,117706,5,4,3,3
1177,117707,3,3,3,4
1177,117708,4,3,3,4
1177,117709,3,3,4,4
1177,117710,3,3,3,6
1177,117713,3,3,3,2
1177,117714,4,3,3,5
1177,117715,5,4,3,5
1177,117716,4,4,4,4
1177,117717,3,3,3,4
1177,117718,4,4,4,5
1177,117719,3,3,3,5
1177,117720,4,2,3,5
1180,118001,5,3,3,4
1180,118002,4,3,4,4
1180,118003,5,3,3,6
1180,118004,5,2,4,
1180,118005,5,3,3,5
1180,118006,3,4,4,5
1180,118007,5,4,4,4
1180,118008,4,2,2,3
1180,118009,2,4,4,4
1180,118010,5,3,3,6
1180,118011,4,4,4,5
1180,118012,4,4,4,3
1180,118013,5,3,3,4
1180,118014,2,4,4,4
1180,118015,,3,3,2
1180,118016,1,4,4,6
1180,118017,4,3,3,6
1180,118018,5,4,4,4
1181,118101,4,3,3,4
1181,118102,4,3,3,4
1181,118103,4,3,3,4
1181,118104,4,3,3,5
1181,118105,2,3,3,3
1181,118106,4,3,3,4
1181,118107,4,3,3,5
1181,118108,4,3,3,5
1181,118109,4,3,4,5
1181,118110,4,3,3,6
1181,118111,4,3,3,6
1181,118112,4,3,3,5
1181,118113,4,3,3,5
1181,118114,4,3,3,3
1181,118115,4,3,3,5
1181,118116,4,4,4,5
1181,118117,4,3,3,5
1181,118118,,3,3,5
1181,118119,3,3,3,5
1181,118120,4,4,4,6
1182,118201,2,3,4,6
1182,118202,2,3,3,5
1182,118203,,,,5
1182,118204,4,3,3,5
1182,118205,2,2,3,4
1182,118206,,,,5
1182,118207,5,4,4,5
1182,118208,2,4,4,5
1182,118209,4,4,4,5
1182,118210,4,4,3,4
1182,118211,2,1,3,5
1182,118212,4,2,3,3
1182,118213,4,3,3,4
1182,118214,3,4,4,6
1182,118215,5,4,3,5
1182,118216,5,4,4,3
1182,118217,4,3,3,3
1182,118218,4,3,3,6
1182,118219,3,2,3,5
1183,118301,5,2,4,6
1183,118302,4,4,4,6
1183,118303,5,3,3,5
1183,118304,4,4,4,6
1183,118305,4,4,3,5
1183,118306,5,4,4,6
1183,118307,4,3,3,4
1183,118308,4,4,3,5
1183,118309,4,3,4,5
1183,118310,4,4,3,5
1183,118311,4,3,3,4
1183,118312,4,4,4,5
1183,118313,3,4,4,4
1183,118314,3,3,3,5
1183,118315,4,4,3,3
1183,118316,5,4,4,5
1183,118317,4,4,4,5
1183,118318,4,3,4,3
1183,118319,4,3,4,4
1183,118320,4,4,4,4
1184,118402,4,4,3,5
1184,118404,4,4,4,6
1184,118405,4,4,3,5
1184,118406,4,2,4,6
1184,118408,5,,,4
1184,118410,,,,5
1184,118412,5,3,4,4
1184,118417,4,3,3,3
1184,118419,,,,
1184,118420,5,4,4,4
1185,118501,5,3,4,3
1185,118502,4,4,4,5
1185,118503,3,3,3,4
1185,118504,4,4,3,4
1185,118505,4,3,3,5
1185,118506,4,4,3,5
1185,118507,4,2,4,5
1185,118509,4,4,3,2
1185,118510,4,4,3,5
1185,118511,4,4,3,4
1185,118512,4,4,4,3
1185,118513,4,3,3,4
1185,118515,2,3,1,5
1185,118516,5,4,4,5
1185,118517,5,4,4,5
1185,118518,3,2,3,4
1185,118519,5,3,4,5
1185,118520,4,4,4,6
1186,118601,4,2,3,6
1186,118602,3,4,4,6
1186,118603,5,4,4,5
1186,118604,1,2,3,3
1186,118605,5,3,3,3
1186,118606,5,3,4,4
1186,118607,2,4,3,4
1186,118608,4,3,2,3
1186,118609,4,3,3,3
1186,118610,4,3,3,4
1186,118611,5,4,3,2
1186,118612,5,4,3,3
1187,118701,5,2,3,3
1187,118702,4,4,4,4
1187,118703,2,4,4,2
1187,118704,4,3,4,4
1187,118705,5,4,4,4
1187,118706,3,4,4,5
1187,118707,3,3,4,3
1187,118708,5,4,4,6
1187,118709,3,4,4,4
1187,118710,4,4,4,4
1187,118711,3,4,4,5
1187,118712,3,3,4,4
1187,118713,3,3,4,3
1187,118714,3,4,3,4
1187,118715,4,4,4,4
1187,118716,5,4,4,4
1187,118717,3,3,3,4
1187,118718,3,4,4,5
1187,118719,3,4,4,2
1187,118720,5,4,4,5
1188,118801,5,4,4,3
1188,118802,4,3,4,5
1188,118803,4,3,3,4
1188,118804,3,2,4,6
1188,118805,4,4,4,3
1188,118806,5,4,4,2
1188,118807,4,4,4,3
1188,118808,4,4,4,4
1188,118809,2,4,4,5
1188,118810,3,3,3,5
1188,118811,,4,4,4
1188,118812,3,3,3,3
1188,118813,5,3,3,4
1188,118814,4,3,4,3
1188,118815,2,3,4,5
1188,118816,4,2,3,4
1188,118817,4,3,4,6
1188,118818,4,3,3,3
1188,118819,1,2,2,4
1188,118820,4,4,3,3
1190,119001,2,2,3,3
1190,119002,4,3,3,1
1190,119003,4,4,4,2
1190,119004,4,4,4,5
1190,119005,4,4,3,5
1190,119006,2,4,4,5
1190,119007,4,4,4,5
1190,119008,4,4,3,3
1190,119009,5,4,4,3
1190,119010,4,2,4,4
1190,119011,3,3,4,4
1190,119012,1,4,4,3
1190,119013,4,3,3,4
1190,119014,4,4,3,3
1190,119015,5,4,4,4
1190,119016,4,3,3,4
1190,119017,4,2,3,4
1190,119018,4,3,4,5
1190,119019,4,3,3,3
1191,119101,2,1,4,5
1191,119102,2,1,4,5
1191,119103,4,3,4,3
1191,119104,4,4,4,3
1191,119106,2,1,4,6
1191,119107,5,4,4,5
1191,119108,4,3,2,5
1191,119109,5,2,3,3
1191,119110,3,2,2,5
1191,119111,4,4,3,5
1191,119112,5,3,4,4
1191,119113,5,3,3,4
1191,119114,5,4,4,4
1191,119115,5,3,4,5
1191,119116,5,2,4,5
1191,119117,5,4,4,5
1191,119118,4,2,1,4
1191,119119,5,3,2,4
1191,119120,5,3,2,5
1192,119201,3,4,3,5
1192,119202,4,4,4,5
1192,119203,4,3,3,4
1192,119204,5,4,4,4
1192,119205,4,3,4,5
1192,119206,4,4,4,6
1192,119207,2,2,3,4
1192,119208,4,3,4,4
1192,119209,3,4,3,4
1192,119210,4,3,4,6
1192,119211,3,4,4,5
1192,119212,3,4,4,6
1192,119213,4,4,4,6
1192,119214,4,2,3,4
1192,119215,3,4,3,4
1192,119216,5,3,3,5
1192,119217,3,4,3,4
1192,119218,2,2,3,4
1192,119219,2,3,4,5
1194,119401,4,4,4,6
1194,119402,3,3,4,3
1194,119403,5,4,4,4
1194,119404,5,3,3,3
1194,119405,5,3,3,5
1194,119406,4,3,3,4
1194,119407,3,4,3,4
1194,119408,4,2,3,5
1194,119409,4,4,4,4
1194,119410,4,3,4,2
1194,119411,4,3,4,4
1194,119412,4,4,3,4
1194,119413,5,4,1,3
1194,119414,3,4,4,5
1194,119415,4,2,3,5
1194,119416,4,1,3,5
1194,119417,4,3,3,5
1194,119418,3,3,3,3
1194,119419,3,4,4,5
1194,119420,3,4,3,5
1195,119501,4,2,4,6
1195,119502,4,3,3,5
1195,119503,4,3,3,4
1195,119504,4,3,3,4
1195,119505,4,2,3,5
1195,119506,4,3,3,3
1195,119507,2,2,3,5
1195,119508,2,2,2,4
1196,119601,3,4,4,3
1196,119602,5,2,3,5
1196,119603,4,3,4,5
1196,119604,5,4,4,5
1196,119605,4,3,4,5
1196,119606,4,4,3,4
1196,119607,3,3,4,5
1196,119608,4,3,3,3
1196,119609,4,3,4,5
1196,119610,4,4,3,4
1196,119611,2,3,3,5
1196,119612,,,,3
1196,119613,4,3,3,4
1196,119614,4,3,4,4
1196,119615,5,4,4,3
1196,119616,5,3,4,4
1196,119617,2,4,4,6
1196,119618,5,4,4,5
1196,119619,4,4,4,6
1196,119620,3,3,3,6
1197,119701,4,4,3,5
1197,119702,2,4,3,5
1197,119703,4,4,3,5
1197,119704,4,4,3,5
1197,119705,4,3,3,4
1197,119706,4,4,3,5
1197,119707,4,4,4,4
1197,119708,4,4,3,4
1197,119709,4,3,4,5
1197,119710,3,4,3,6
1197,119711,4,3,3,5
1197,119712,4,2,3,5
1197,119713,5,3,3,5
1197,119714,4,2,3,4
1197,119715,4,3,3,5
1197,119716,4,4,3,3
1197,119717,5,2,3,6
1197,119718,4,4,3,4
1197,119719,4,3,3,5
1198,119801,5,4,3,6
1198,119802,4,3,3,4
1198,119803,3,2,2,2
1198,119804,4,3,3,4
1198,119805,2,2,3,5
1198,119806,4,3,3,6
1198,119807,5,4,3,6
1198,119808,4,3,3,6
1198,119809,3,4,4,4
1198,119810,5,2,4,4
1198,119811,3,3,,5
1198,119812,5,3,3,5
1199,119901,5,2,3,4
1199,119902,5,3,3,4
1199,119903,4,2,3,6
1199,119904,5,2,4,5
1199,119905,5,4,3,5
1199,119906,2,3,3,4
1199,119907,4,3,3,4
1199,119908,5,4,3,5
1199,119909,5,4,4,3
1199,119910,5,3,4,5
1199,119911,5,3,3,4
1199,119912,3,4,4,5
1199,119913,4,4,4,5
1199,119914,5,4,4,6
1200,120001,4,3,3,5
1200,120002,3,3,3,3
1200,120003,4,3,3,2
1200,120004,4,4,4,3
1200,120005,4,3,3,4
1200,120006,2,1,4,3
1200,120007,4,3,3,6
1200,120008,5,4,4,5
1200,120009,5,3,4,5
1200,120010,4,3,3,2
1200,120011,4,3,3,4
1200,120012,4,3,3,5
1200,120013,4,3,3,4
